"Sr. No 1 2 3 4 5 6 7 8 9 10 11 12 13 14 15 16 17 18 19 20 21 22 23 24 25","Enrollment no 2104030100237 2304030100080 2304030101720 2304030102039 2404030100002 2404030100004 2404030100013 2404030100019 2404030100028 2404030100038 2404030100040 2404030100041 2404030100050 2404030100052 2404030100055 2404030100059 2404030100060 2404030100064 2404030100067 2404030100070 2404030100072 2404030100073 2404030100081 2404030100083 2404030100091","School of Technology, Design And Computer Application
Silver Oak  College  of Computer  Application
Bachelor of Computer Application Name GODHANI SHREYA RAJESHKUMAR BELADIYA PRIYANSHI DHARMESHBHAI SOLANKI SAGAR MANSUKHBHAI ZENIL PATEL DIPU KUMAR YADAV VANKAR JAYMIN SHANTUBHAI HITENDRA SINGH CHOUHAN KUSHWAHA BHUPESHKUMAR MODHAWADIYA SNEHA KESHUBHAI THAKKAR URVI ARVINDBHAI KUMAR RANA RATHOD VEERSINH NARENDRASINH KAVYA RAJ SOLANKI SEJALBEN VIKRAMBHAI BAROT SHREYA VIJAY PATEL PRAPTI HITESHKUMAR ANKIYA DIVYESH NIMESH PINKI KUMARI RAY LUNAGARIYA NIDHI KALPESHBHAI PATEL DRASHTI KETANKUMAR AYESHA VIKASH CHANANI SINDHVA DISHA HITESHBHAI SALVI BHUMIKA NATHULALA SONRAT JAIMIN PANKAJKUMAR JIGAR CHAVDA","Data set Used Mobile Store Customer Analytics Mobile Store Customer Analytics SUPERMARKET ANALYSIS SUPERMARKET ANALYSIS SUPERMARKET ANALYSIS SUPERMARKET ANALYSIS Supermarket  Supermarket  ","Data set Used   DWDM_INNOVATIVE.pdf DWDM assignment  ","","","","","","","","","","","","","","","","","","","","",""
"26","2404030100093","GOHEL PRINS KISHORBHAI","Student Academic Performance","2404030100209","","","","","","","","","","","","","","","","","","","","",""
"27","2404030100094","HARYANI PRAGATI MUKESH","","","","","","","","","","","","","","","","","","","","","","",""
"28","2404030100112","PATEL DHARA SURYAKANT","Supermarket Analysis","#ERROR!","","","","","","","","","","","","","","","","","","","","",""
"29","2404030100116","CHAUHAN SHRADDHA MANOJBHAI","","","","","","","","","","","","","","","","","","","","","","",""
"30","2404030100119","VANOL DHRUVITRA UMESHBHAI","Student Academic Performance","https://drive.google.com/file/d/18_J1Gt5TfPcH36BIEVCfwb8ZLLK5ZvmI/view?usp=sharing","","","","","","","","","","","","","","","","","","","","",""
"31","2404030100130","RAJWANI VINIT KISHORKUMAR","","","","","","","","","","","","","","","","","","","","","","",""
"32","2404030100150","ASHWANI KUMAR SINGH","Student Academic Performance","2404030100209","","","","","","","","","","","","","","","","","","","","",""
"33","2404030100152","RAMNANI YASH BHAGVANDAS","","","","","","","","","","","","","","","","","","","","","","",""
"34","2404030100160","THESIYA KISHAN KISHORBHAI","","","","","","","","","","","","","","","","","","","","","","",""
"35","2404030100164","PATEL PRUSHTI BHAVESHBHAI","","","","","","","","","","","","","","","","","","","","","","",""
"36","2404030100174","YADAV DIPESH DINESHBHAI","","","","","","","","","","","","","","","","","","","","","","",""
"37","2404030100175","PAVAR OM MAYURBHAI","","","","","","","","","","","","","","","","","","","","","","",""
"38","2404030100178","CHAUHAN KAVERI SURENDRASINGH","Supermarket Analysis","DWDM innovative assignment","","","","","","","","","","","","","","","","","","","","",""
"39","2404030100181","PATEL DHRUV BHAVINKUMAR","","","","","","","","","","","","","","","","","","","","","","",""
"40","2404030100187","SAVAYA KASHISH KANTIBHAI","Student Academic Performance","2404030100209","","","","","","","","","","","","","","","","","","","","",""
"41","2404030100190","JOSHI NENSHI MUKESHKUMAR","","","","","","","","","","","","","","","","","","","","","","",""
"42","2404030100200","RAO RAJVEER SINGH MAHENDRA SINGH","","","","","","","","","","","","","","","","","","","","","","",""
"43","2404030100208","RAJPUT AAKASH SURAJSINGH","","","","","","","","","","","","","","","","","","","","","","",""
"44","2404030100209","ABHISHEK CHAUHAN","Student Academic Performance","https://drive.google.com/file/d/18_J1Gt5TfPcH36BIEVCfwb8ZLLK5ZvmI/view?usp=sharing","","","","","","","","","","","","","","","","","","","","",""
"45","2404030100210","BAROT  TAKSH MAHESHBHAI","","","","","","","","","","","","","","","","","","","","","","",""
"46","2404030100220","SHAH VANSH HEMENDRAKUMAR","","","","","","","","","","","","","","","","","","","","","","",""
"47","2404030100236","OD RAHULKUMAR DILIPBHAI","","","","","","","","","","","","","","","","","","","","","","",""
"48","2404030100237","PATEL RAVI MUNNABHAI","","","","","","","","","","","","","","","","","","","","","","",""
"49","2404030100242","OJHA SACHI RAJNIKANT","","","","","","","","","","","","","","","","","","","","","","",""
"50","2404030100263","SIYOLA NIKHIL DIPAKBHAI","Supermarket ","DWDM_INNOVATIVE.pdf","","","","","","","","","","","","","","","","","","","","",""
"51","2404030100272","SHUKLA ANURAG JAYPRAKASH","","","","","","","","","","","","","","","","","","","","","","",""
"52","2404030100274","GOHEL KARTIK PRAGNESHBHAI","","","","","","","","","","","","","","","","","","","","","","",""
"53","2404030100278","PATEL KHUSHI SANJAYBHAI","","","","","","","","","","","","","","","","","","","","","","",""
"54","2404030100284","PARMAR MANAV VASANTBHAI","","","","","","","","","","","","","","","","","","","","","","",""
"55","2404030100288","PRAJAPATI RAHUL KHETAJI","","","","","","","","","","","","","","","","","","","","","","",""
"56","2404030100293","JOSHI LOVE MUKESHKUMAR","","","","","","","","","","","","","","","","","","","","","","",""
"57","2404030100298","MOHINANI RIYA VINODKUMAR","","","","","","","","","","","","","","","","","","","","","","",""
"58","2404030100309","RAVAT HIRAL ASHOKBHAI","","","","","","","","","","","","","","","","","","","","","","",""
"59","2404030100318","THAKOR DHVANIT RAVAJI","","","","","","","","","","","","","","","","","","","","","","",""
"60","2404030100339","PATEL DHARMIKBHAI KALPITBHAI","","","","","","","","","","","","","","","","","","","","","","",""
"61","2404030100345","VAGHELA VIDHIBEN MUKESHSINH","","","","","","","","","","","","","","","","","","","","","","",""
"62","2404030100348","KOSHTI PRACHI VIJAYBHAI","","","","","","","","","","","","","","","","","","","","","","",""
"63","2404030100359","GUPTA SATVIK HARISHANKARBHAI","","","","","","","","","","","","","","","","","","","","","","",""
"64","2404030100360","VORA KAVISH CHETAN","","","","","","","","","","","","","","","","","","","","","","",""
"65","2404030100369","GAJJAR RAHI JAYESHKUMAR","","","","","","","","","","","","","","","","","","","","","","",""
"66","2404030100390","CHAUHAN DEVARSHI MAHESHBHAI","","","","","","","","","","","","","","","","","","","","","","",""
"67","2404030100405","CHAUHAN SUMIT PARESHBHAI","","","","","","","","","","","","","","","","","","","","","","",""
"68","2404030100422","CHAUHAN KAVY DIPAKSINH","","","","","","","","","","","","","","","","","","","","","","",""
"69","2404030100439","SONI NEEL CHETANBHAI","","","","","","","","","","","","","","","","","","","","","","",""
"70","2404030100459","GOHEL GAURANG BHIKHUBHAI","","","","","","","","","","","","","","","","","","","","","","",""
"71","2404030100465","MARWADI KISHOR LAXMAN","","","","","","","","","","","","","","","","","","","","","","",""
"72","2404030100478","SANDEEP AGARWAL","","","","","","","","","","","","","","","","","","","","","","",""
"73","2404030100513","PUROHIT ANUJ ASHOKBHAI","","","","","","","","","","","","","","","","","","","","","","",""
"74","2404030100514","MUSKANSINGH KANHAIYALAL","","","","","","","","","","","","","","","","","","","","","","",""
"75","2404030100517","HITEN KUMAR LOHAR","","","","","","","","","","","","","","","","","","","","","","",""
"76","2404030100534","RAKESH RAJPUROHIT","","","","","","","","","","","","","","","","","","","","","","",""
"77","2404030100547","PATEL SHIYABEN KANUBHAI","","","","","","","","","","","","","","","","","","","","","","",""
"78","2404030100565","PASVAN TARUNKUMAR MOTILAL","","","","","","","","","","","","","","","","","","","","","","",""
"79","2404030100582","BERA KHUSHI BISWAJIT","","","","","","","","","","","","","","","","","","","","","","",""
"80","2404030100584","BARAD VIDHI NARENDRASINH","","","","","","","","","","","","","","","","","","","","","","",""
"81","2404030100620","ANSARI MEHRIN MANJUR AHMED","","","","","","","","","","","","","","","","","","","","","","",""
"82","2404030100629","BAGHEL ANKUSH RAJENDRASINGH","","","","","","","","","","","","","","","","","","","","","","",""
"83","2404030100640","PATEL DHRUVKUMAR DHANJIBHAI","","","","","","","","","","","","","","","","","","","","","","",""
"84","2404030100653","LACHHANI PRITI DILIPKUMAR","","","","","","","","","","","","","","","","","","","","","","",""
"85","2404030100658","PARMAR LATESH RAMESHBHAI","","","","","","","","","","","","","","","","","","","","","","",""
"86","2404030100664","PARMAR RAJAT KISHORBHAI","","","","","","","","","","","","","","","","","","","","","","",""
"87","2404030100676","PANCHAL DISHA GIRISHBHAI","","","","","","","","","","","","","","","","","","","","","","",""
"88","2404030100695","SINGH RAUNAK SUMAN","","","","","","","","","","","","","","","","","","","","","","",""
"89","2404030100715","PUROHIT BHARAT TARACHAND","","","","","","","","","","","","","","","","","","","","","","",""
"90","2404030100785","KOSHTI JAY HEMANTBHAI","","","","","","","","","","","","","","","","","","","","","","",""
"91","2404030100805","PATHAN SANIYABANU HABIBULLAHKHAN","","","","","","","","","","","","","","","","","","","","","","",""
"92","2404030100812","MANDAL SAILESHKUMAR SANTOSHKUMAR","Student Performance ","Student Performance","","","","","","","","","","","","","","","","","","","","",""
"93","2404030100815","SHAIKH AKSHABANU SAJID","","","","","","","","","","","","","","","","","","","","","","",""
"94","2404030100818","BAGHEL GAJENDRASINGH RAMGANESHSINGH","","","","","","","","","","","","","","","","","","","","","","",""
"95","2404030100824","BODAR RAHUL MAHENDRABHAI","","","","","","","","","","","","","","","","","","","","","","",""
"96","2404030100834","MAKRANI SANIYABANU MO.RAFIK","","","","","","","","","","","","","","","","","","","","","","",""
"97","2404030100836","SHRIMALI SHUBHAM GIRISHBHAI","","","","","","","","","","","","","","","","","","","","","","",""
"98","2404030100853","PRAJAPATI ABHISHEK HIRALAL","","","","","","","","","","","","","","","","","","","","","","",""
"99","2404030100866","CHAVDA BHOOMI HARIBHAI","Supermarket ","DWDM_INNOVATIVE.pdf","","","","","","","","","","","","","","","","","","","","",""
"100","2404030100878","NISHAD KIRTI ARUNKUMAR","","","","","","","","","","","","","","","","","","","","","","",""
"101","2404030100879","DUBE KRUSHNAKANT RAMPRATAP","","","","","","","","","","","","","","","","","","","","","","",""
"102","2404030100894","DUBEY AVNESH ATULBHAI","","","","","","","","","","","","","","","","","","","","","","",""
"103","2404030100895","SONI ANISH SANJAY","","","","","","","","","","","","","","","","","","","","","","",""
"104","2404030100905","NAGAR BHUMI PARESH","","","","","","","","","","","","","","","","","","","","","","",""
"105","2404030100906","JANA SNEHA DILIP","","","","","","","","","","","","","","","","","","","","","","",""
"106","2404030100922","KUMAVAT SHAILESH AMBALAL","Mobile Store Customer Analytics","","","","","","","","","","","","","","","","","","","","","",""
"107","2404030100925","KHALYANI RAMJAN SALIMBHAI","Supermarket ","DWDM_INNOVATIVE.pdf","","","","","","","","","","","","","","","","","","","","",""
"108","2404030100940","BAROT ARYANKUMAR MANOJKUMAR","","","","","","","","","","","","","","","","","","","","","","",""
"109","2404030100945","THAKKAR DHRUV NEHALKUMAR","","","","","","","","","","","","","","","","","","","","","","",""
"110","2404030101036","RATHOD JAHANVI DINESHBHAI","","","","","","","","","","","","","","","","","","","","","","",""
"111","2404030101038","VYAS NISARG ANAND","","","","","","","","","","","","","","","","","","","","","","",""
"112","2404030101057","RAVAL PRINCE MAHESHBHAI","","","","","","","","","","","","","","","","","","","","","","",""
"113","2404030101058","SHARVAN KUMAR","","","","","","","","","","","","","","","","","","","","","","",""
"114","2404030101078","SAGATHIYA PRASHANTKUMAR KAMLESHBHAI","","","","","","","","","","","","","","","","","","","","","","",""
"115","2404030101079","CHAUHAN HEMENDRASINGH KUNWARSINGH","","","","","","","","","","","","","","","","","","","","","","",""
"116","2404030101101","BOSMIA MAHEK  YOGESH","","","","","","","","","","","","","","","","","","","","","","",""
"117","2404030101124","PATEL VANSH RAJESHBHAI","","","","","","","","","","","","","","","","","","","","","","",""
"118","2404030101133","SANPALA UDAY SURESHKUMAR","","","","","","","","","","","","","","","","","","","","","","",""
"119","2404030101143","BAROT KUSHKUMAR VIMALBHAI","","","","","","","","","","","","","","","","","","","","","","",""
"120","2404030101144","NIHARIKA PATIDAR","","","","","","","","","","","","","","","","","","","","","","",""
"121","2404030101170","PRAJAPATI SARTHAK BHARATBHAI","","","","","","","","","","","","","","","","","","","","","","",""
"122","2404030101172","BHADORIYA SAFAL YOGENDRASINGH","","","","","","","","","","","","","","","","","","","","","","",""
"123","2404030101187","SIDDHPURA DHRUV HITESHKUMAR","","","","","","","","","","","","","","","","","","","","","","",""
"124","2504030130002","JADEJA NANDITABA RAMRAJENDRASINH","","","","","","","","","","","","","","","","","","","","","","",""
"Manika Tomar  30/09/2026 10:39 AM","","","","","","","","","","","","","","","","","","","","","","","","",""